{"speed":1,"notes":[[103.727388059701,12],[339.108768656716,15],[555.539953358209,13],[825.829589552239,15]],"bpm":100,"name":"Test"}