{"speed":1,"notes":[[161.368490740741,1],[454.40575,1]],"bpm":100,"name":"Test"}