{"speed":1,"notes":[[144.998643845866,0],[225.997886270108,1],[393.996315001871,2],[300.997184811074,3]],"bpm":100,"name":"Test"}